scenario,policy,episodes,success_mean,success_std,task_completion_mean,task_completion_std,outage_rate_mean,outage_rate_std,mean_packet_mean,mean_packet_std,worst_agent_packet_mean,worst_agent_packet_std,cvar_outage_90_mean,cvar_outage_90_std,comm_fairness_mean,comm_fairness_std,usv_collision_rate_mean,usv_collision_rate_std,auv_collision_count_mean,auv_collision_count_std,colregs_violation_rate_mean,colregs_violation_rate_std,energy_mean,energy_std,smoothness_mean,smoothness_std,shield_interventions_mean,shield_interventions_std,mission_time_mean,mission_time_std
acoustic_degradation,communication_aware,20,0.0,0.0,0.31666666666666665,0.2229848026709942,0.9641666666666666,0.060933960406855225,0.6255606570523539,0.09526510471264252,0.5592849657404779,0.1278560395435813,1.0,0.0,0.12882759410955785,0.20725153756949835,0.0075,0.014332364308329128,31.85,58.63895889253151,0.058833333333333335,0.04755435486542391,7791.562940604296,162.26061009533268,3034.8469532406775,177.6354489109799,0.0,0.0,300.0,0.0
acoustic_degradation,fixed_auv_ga_pso_tlbo_proxy,20,0.4,0.4898979485566356,0.9,0.18559214542766742,0.9555380567626756,0.07174180610577849,0.4572274367670804,0.14856066833598286,0.3274290629531996,0.17909324284342543,1.0,0.0,0.14233115663301418,0.2058069266529433,0.006385011327292111,0.014578017397453066,28.7,43.69565195760329,0.07392668141730024,0.08125599765012292,4562.390249999984,931.0821616195715,2179.9684077718925,583.7565136852988,0.0,0.0,246.15,50.23372870890633
acoustic_degradation,haco_safemarl_mappo,20,0.0,0.0,0.08333333333333333,0.17873008824606013,0.7726111111111111,0.23240537036144304,0.5905544132972761,0.1399871055225623,0.4787379783235414,0.17119627977923688,0.9355555555555556,0.14348398628762604,0.28058516758819324,0.27573000121763747,0.0,0.0,0.75,2.446936860648431,0.06283333333333334,0.067200157076536,931.8213217371305,615.0657213846689,262.3572949369595,439.6570570355905,952.3,90.68301935864288,300.0,0.0
acoustic_degradation,haco_safemarl_pilot,20,0.25,0.4330127018922193,0.3333333333333333,0.408248290463863,0.7947873315896841,0.1546411432121266,0.6581341367707094,0.04595263383704265,0.5719066324216467,0.050049567976138375,0.9460645867542419,0.09558936127341493,0.33401825381473643,0.24163123763006977,0.006166666666666667,0.0116081867662439,1.05,3.5422450508117023,0.07595777292479766,0.09009749465498812,7741.89960552606,1620.0156757533773,2711.3072723226705,705.4514096901056,906.85,151.82927089332938,280.05,42.439928133775155
acoustic_degradation,haco_safemarl_pilot_no_acoustic,20,0.3,0.458257569495584,0.6833333333333333,0.2682246156571847,0.7781812392971789,0.17366069798142753,0.5490538847103573,0.11938576790776574,0.38213642824669963,0.14388224794403587,0.9558730158730159,0.08591334909391046,0.33888959299058435,0.24638009529484015,0.005176678445229683,0.014276775046727815,3.3,11.140466776576284,0.07877877672984542,0.09623747728659578,7656.667853790475,1638.4781701501179,2395.810626750118,592.6995114678929,884.1,176.70141482172687,271.25,46.48319588840681
acoustic_degradation,haco_safemarl_pilot_no_shield,20,0.3,0.458257569495584,0.6333333333333333,0.37859388972001823,0.9032759592290777,0.12195554740999226,0.49539489610183607,0.116071856711489,0.3573630260472425,0.12386017297397788,0.99,0.043588989435406726,0.2371003080602353,0.1780450184194845,0.007202312138728324,0.023008862023827428,24.0,39.73411632338134,0.0866280615661097,0.09292519609331502,7620.498342705159,1646.8817986480378,2358.1181103675353,774.9133210411112,0.0,0.0,253.0,59.62130491695061
acoustic_degradation,independent_greedy,20,0.55,0.49749371855331,1.0,0.0,0.9385942761290987,0.052584796323052886,0.3669175515974318,0.11602452756698722,0.16758291693778007,0.13569460275141754,1.0,0.0,0.26689990517230766,0.15912822033583596,0.0054867714904434615,0.018474671545178237,22.7,33.109062203572,0.0803932268093667,0.09099019249315211,4771.948500000006,1128.4729246332204,1829.4700000000025,573.827780000239,0.0,0.0,194.1,45.900871451422354
emergency,communication_aware,20,0.05,0.21794494717703367,0.35,0.30686587732536613,0.715111111111111,0.25464388108265923,0.640761196994759,0.09309886617155337,0.5344478806360836,0.1388157502557953,0.9005555555555556,0.2375147818661783,0.6151039627433823,0.20814121322716903,0.0015,0.00653834841531101,39.65,73.81549634053815,0.036166666666666666,0.060307314831803134,7776.097375709106,592.9471476274626,3060.515730481558,286.83706655920787,0.0,0.0,294.4,24.40983408382777
emergency,fixed_auv_ga_pso_tlbo_proxy,20,0.2,0.4,0.7666666666666666,0.2603416558635552,0.6789145468424196,0.2392396359908665,0.5230972622732118,0.1357522766003118,0.3372031492921098,0.1966483464389463,0.9077777777777778,0.2320360763776632,0.6043341227480412,0.20601659998474217,0.004000913450559489,0.014587453663667352,44.5,59.820982940770875,0.03841059079681129,0.05987804738713145,5067.46899999998,741.2702436453195,2489.9642737168115,391.01057385761465,0.0,0.0,273.4,39.99299938739279
emergency,haco_safemarl_mappo,20,0.0,0.0,0.09999999999999999,0.23804761428476165,0.5606468253968254,0.22477622515557044,0.6296835607101054,0.12303192172314888,0.48923326115686994,0.20304170850705786,0.8374603174603175,0.24202804840693865,0.6907329862957573,0.20231752464953526,0.0,0.0,3.2,9.872183142547549,0.03283333333333333,0.06778458526833368,789.1185446555659,515.2871228373704,148.1854686449397,114.89606792690581,788.6,180.5332102412185,299.0,4.358898943540674
emergency,haco_safemarl_pilot,20,0.15,0.3570714214271425,0.3333333333333333,0.3333333333333333,0.5749777401033559,0.2061475163565266,0.7001510829342067,0.06182251874856981,0.6062365398932106,0.10817276039439402,0.880639367816092,0.2095143736835429,0.6740945237411383,0.20970028558603251,0.0031666666666666666,0.00985872428078017,0.95,3.33878720495931,0.03641543513957307,0.0668400085940252,8287.669040229759,1347.7152623626318,2861.2851224954147,560.979963582464,768.4,193.78426148684005,291.9,31.733105741480774
emergency,haco_safemarl_pilot_no_acoustic,20,0.25,0.4330127018922193,0.6,0.3590109871423003,0.5472147896405283,0.1967989715274722,0.607078003342941,0.10308126941790882,0.3949322973447181,0.2052443859687741,0.8862835249042146,0.1807448919369622,0.6872330052320714,0.18982218664218203,0.0006976744186046512,0.0030410922861911676,1.6,4.235563716909474,0.035010930500791286,0.051942747292143966,8284.946012567665,1213.05482085928,2580.7804843867543,611.7427725847141,714.1,186.4142966620318,285.0,35.40338966822245
emergency,haco_safemarl_pilot_no_shield,20,0.2,0.4,0.5833333333333334,0.3476108935769035,0.7142782625649073,0.2202284384604021,0.5374095198596226,0.12815737652429432,0.37666182780735435,0.18322101987592376,0.9198366013071896,0.18168080440963166,0.6264839190819601,0.18793179434127263,0.001098901098901099,0.004789998839055685,35.9,41.24669683744384,0.02760855810855811,0.0485991644506427,8190.710236705613,1446.7458363909207,2493.1422907495826,611.4186158418095,0.0,0.0,269.9,49.01826190309077
emergency,independent_greedy,20,0.35,0.47696960070847283,0.9333333333333333,0.13333333333333336,0.7417221722741351,0.1742213546290084,0.4445814831418067,0.11561861751711407,0.202857601037066,0.1737885076795139,0.9456140350877192,0.15875981343706946,0.5773394318931176,0.15123042773709303,0.0,0.0,37.05,49.49391376725021,0.03108866047882066,0.06557338745846157,5622.589500000007,1221.6568266875336,2290.5200000000054,628.7971100442551,0.0,0.0,228.7,49.69114609263908
generalization,communication_aware,60,0.08333333333333333,0.27638539919628335,0.45416666666666666,0.2696770187547401,0.5295018958948442,0.22207401853785455,0.7265911097351622,0.07719452522244394,0.5979121812626326,0.15771319289624575,0.860874183006536,0.23291083452869213,0.7824653365873321,0.18387459909596088,0.0028333333333333335,0.011671824256793858,127.78333333333333,139.66580250329315,0.036766792821877566,0.0594677715156614,8248.132284971289,864.814704998968,3389.816247042583,676.7356922598088,0.0,0.0,293.1,24.996466416942482
generalization,fixed_auv_ga_pso_tlbo_proxy,60,0.13333333333333333,0.339934634239519,0.8090277777777778,0.19128761834499056,0.4626033237230856,0.2199037115398074,0.6510590694424153,0.13244396956657148,0.4451087144960213,0.24965224038255573,0.8236413043478261,0.2553030724726871,0.7935381220883073,0.16707279908672565,0.0035725047080979286,0.012766833928023066,119.91666666666667,120.26835156802012,0.03944195881994052,0.059432996717759076,5798.9581666666745,1094.981206547244,3112.840838030839,867.610159931686,0.0,0.0,281.06666666666666,36.67009074921353
generalization,haco_safemarl_mappo,60,0.016666666666666666,0.12801909579781015,0.08888888888888889,0.17929043959005472,0.34675824652777776,0.20323226639472405,0.7400195044056225,0.08776750789179902,0.5569298620852888,0.20837977893829282,0.5889120370370371,0.2933831208259303,0.8101226585619352,0.14604900850287267,0.00044444444444444447,0.0034138425546082706,5.65,13.027950721429676,0.03988888888888889,0.07371357648374342,1275.007152184897,605.6089670032211,478.10583618839996,419.1387208851276,1136.4166666666667,623.5514758667127,299.26666666666665,5.632840215103646
generalization,haco_safemarl_pilot,60,0.13333333333333333,0.339934634239519,0.40625,0.3467462014799019,0.3841569094720206,0.19678215736832644,0.7750043793714091,0.05558374759559181,0.6606108160288202,0.11516175454477087,0.6826967592592592,0.26171132783581225,0.8414441830734639,0.12328052302733114,0.0027763532763532763,0.011784446563939161,5.966666666666667,10.754792213499783,0.04913472691306957,0.0757202276180139,8264.104286231328,1821.8934645566544,2915.1361946655684,817.5851326269466,1030.0833333333333,593.0704930463344,282.73333333333335,40.538404288060256
generalization,haco_safemarl_pilot_no_acoustic,60,0.18333333333333332,0.38693955887479664,0.6152777777777778,0.29427078212061175,0.37319291072595795,0.17185850007101414,0.723967385676429,0.08282850594194847,0.5053183083196195,0.2172541385828456,0.6626851851851852,0.24735632373487515,0.8425214431661621,0.11115952106653285,0.0024344262295081967,0.01177452319706661,5.983333333333333,10.877333721500362,0.053964007981849756,0.07772428831617148,8330.763219691373,2025.0134311845263,2686.7749268470525,790.7203881276926,996.0166666666667,579.6526112442023,278.46666666666664,44.67156689538536
generalization,haco_safemarl_pilot_no_shield,60,0.15,0.3570714214271425,0.7034722222222222,0.26885943795326067,0.4788624041671692,0.199167209314432,0.6645864579422357,0.10548976659672463,0.4685084197333734,0.1969961010053277,0.7664310648501824,0.22115116558604458,0.788118052706072,0.1566337605244406,0.006979140059599829,0.02147305484388566,124.83333333333333,127.70958808518995,0.06161907819851064,0.08191860085378808,8717.514405713828,1876.7349094603553,2529.429976251821,696.0225796834067,0.0,0.0,269.9166666666667,51.831551416316124
generalization,independent_greedy,60,0.16666666666666666,0.37267799624996495,0.9868055555555556,0.06867279615756712,0.6101984754674391,0.1684629154163802,0.566007857911099,0.11270045240768858,0.30876847580444333,0.2078545593083605,0.8937754375254375,0.16118894107206932,0.6856097248867373,0.14799053740079893,0.0040908894681748265,0.012798537895322315,102.9,109.36082479571924,0.05227140707983977,0.07344559044309469,6679.815833333353,1661.9036938436025,3131.8500000000013,1171.2148004671603,0.0,0.0,236.73333333333332,43.91729601067089
survey,communication_aware,20,0.1,0.3,0.4666666666666667,0.339934634239519,0.3379632768361582,0.2261310945205421,0.8096239926431056,0.10335369155923092,0.7264218728115799,0.14881912789199234,0.6427777777777778,0.3332272979495609,0.8904259716012779,0.12227983855687306,0.0,0.0,29.0,38.63029898926489,0.055733333333333336,0.14543534646020548,7868.286422748294,905.339215778734,3173.269866196569,528.6423391821997,0.0,0.0,287.15,34.45471665824579
survey,fixed_auv_ga_pso_tlbo_proxy,20,0.2,0.4,0.7333333333333333,0.2905932629027116,0.2621523610628605,0.19720571564890393,0.7869827732295491,0.13254589314533452,0.6435732997874093,0.22582742969945316,0.580703338806787,0.34948898395935246,0.9052478824368692,0.10900424643799823,0.0,0.0,33.8,35.045113782095214,0.0518081627473677,0.13625988657997756,5177.7522499999795,606.9264452684376,2520.587591595384,485.77520084974196,0.0,0.0,279.35,32.744885096759766
survey,haco_safemarl_mappo,20,0.0,0.0,0.11666666666666665,0.15898986690282427,0.27194444444444443,0.22911689695248538,0.7950054350953455,0.12078834523113888,0.7093956292242707,0.17723625152166586,0.5516666666666667,0.34726933013774913,0.9061447421779488,0.1150595863776168,0.0,0.0,3.3,11.920989891783316,0.07116666666666667,0.1475965785511304,865.6099503804684,305.3604264797221,191.1821422274786,177.9612470235814,461.25,187.63018813613124,300.0,0.0
survey,haco_safemarl_pilot,20,0.35,0.47696960070847283,0.55,0.41197356981027583,0.2825729625384945,0.2224547790544314,0.8354374856992431,0.07484608790198796,0.7527318793894504,0.10990948434875085,0.5816666666666667,0.32760400289991787,0.9147977650820538,0.10888151441467822,0.005666666666666666,0.02470042734673048,3.95,14.698554350683608,0.06000925925925926,0.1448982244753339,8029.313230144671,1411.7468632111006,2449.6389053509133,691.2774392447003,351.2,218.9830130398246,267.7,44.83090451909263
survey,haco_safemarl_pilot_no_acoustic,20,0.45,0.49749371855331,0.75,0.2958039891549808,0.27098861314834055,0.20544135493207516,0.7852502746698828,0.13192657013286435,0.6500604078576361,0.2128587533534975,0.5761111111111111,0.32028681205336673,0.9261535753822028,0.08782541994645501,0.005833333333333334,0.025426910503987262,3.95,14.698554350683608,0.06665698114227049,0.13449384750749918,7950.211129276127,1436.7903096873024,2251.659797788302,614.1864023596607,337.15,207.37629445045062,263.2,44.79017749462487
survey,haco_safemarl_pilot_no_shield,20,0.2,0.4,0.7333333333333333,0.30912061651652345,0.3537936871797344,0.22808654935083533,0.7400116720674041,0.1491327985376541,0.6100382682415727,0.19278107501047864,0.652348885682219,0.3245807709553579,0.901117153305653,0.1066718878971968,0.007166666666666667,0.031238775762041496,25.9,32.84037149607172,0.06238011695906433,0.13270823009136662,7890.5930249405465,1455.1669295035465,2181.055994253305,612.8412844444858,0.0,0.0,254.55,49.35227958260895
survey,independent_greedy,20,0.3,0.458257569495584,0.9666666666666667,0.1,0.40379666582336216,0.16583379342874874,0.7027668737276513,0.12944461197719354,0.47752450408177516,0.23898137917024154,0.7734102564102564,0.20999986068058374,0.8097999897773605,0.14016561365663888,0.0003333333333333334,0.001452966314513558,26.85,27.161139519541518,0.0740925708479353,0.16342122454429797,5741.826750000007,1046.7689905302368,2325.4100000000044,551.8513367746823,0.0,0.0,233.55,42.57754689974518
traffic,communication_aware,20,0.2,0.4,0.6666666666666666,0.27888667551135854,0.35009778536201147,0.21294283435893555,0.7956758390450929,0.0897598409291291,0.7284189103416878,0.11510621702035884,0.6483333333333334,0.27296440775536024,0.8679019698425998,0.12102389706337478,0.0028333333333333335,0.008516324194027479,37.8,51.812739746128074,0.04690466101694916,0.07936965002430017,7763.339768630385,993.4909690734802,3266.560383735174,464.16655834163566,0.0,0.0,283.0,37.10525569242179
traffic,fixed_auv_ga_pso_tlbo_proxy,20,0.3,0.458257569495584,0.85,0.19649710204252663,0.27411243652997,0.19611229501093624,0.770455023311656,0.13438438654977927,0.6670199963931163,0.17905571590996547,0.6033816425120774,0.2442739662545835,0.8937158449890019,0.10982822059831379,0.005062146892655367,0.016970893777182517,33.55,43.15955861683481,0.0438110098597871,0.09535664972201423,4922.8959999999815,815.3377749276613,2480.381559090682,526.4137948080138,0.0,0.0,265.6,43.98908955638887
traffic,haco_safemarl_mappo,20,0.0,0.0,0.19999999999999998,0.22110831935702666,0.19238888888888886,0.22217951672987538,0.8065353970729355,0.0996198067840167,0.7427971548155964,0.1361983783721164,0.39000000000000007,0.2981817326380212,0.9236157612363848,0.11074244660641308,0.0,0.0,0.7,3.0512292604784714,0.0265,0.04885892389773279,980.0549401030415,277.8326238616845,345.757978004569,273.16995542074983,460.35,193.22481077749825,300.0,0.0
traffic,haco_safemarl_pilot,20,0.45,0.49749371855331,0.6833333333333333,0.3570714214271425,0.2449558897166816,0.22432277056244387,0.8293736297988297,0.06913400955932343,0.7745483648074329,0.0940139457042615,0.5114154589371981,0.29104701025575574,0.9092024746279982,0.11895509279712616,0.0005698924731182796,0.0018661723244142697,0.65,2.8332843133014376,0.038242414636190394,0.053748896429457724,6999.1209551292095,1680.9895946917093,2215.1627953626976,660.6807924698711,375.9,244.18515515894902,256.8,49.91753199027372
traffic,haco_safemarl_pilot_no_acoustic,20,0.6,0.4898979485566356,0.8333333333333334,0.268741924943285,0.23332652103180615,0.19946019337977283,0.7994212750019167,0.11014022117507631,0.7085293349339098,0.18106566188361256,0.508028149386845,0.2804102442120967,0.9036981353687412,0.13063356876917223,0.0006254480286738351,0.001961705916845524,0.65,2.8332843133014376,0.0348434844868886,0.05740993683603969,6871.228394907725,1818.9272869846664,2001.05901671536,637.0747759090087,330.9,194.24131898234216,244.75,50.98124655204108
traffic,haco_safemarl_pilot_no_shield,20,0.4,0.4898979485566356,0.85,0.2682246156571847,0.2969608655599009,0.2112059187242519,0.760451040893599,0.12202678233116335,0.6565361165403362,0.1832086801641872,0.6126940772592946,0.2732127924964728,0.875935036351784,0.145643487642985,0.00383026992997008,0.009184338770586055,34.1,46.82189658696025,0.03175222458334493,0.056338744457324744,7080.993722691337,1647.164496423724,1947.4754624765253,642.2738255229967,0.0,0.0,227.7,55.17979702753536
traffic,independent_greedy,20,0.45,0.49749371855331,0.9833333333333333,0.0726483157256779,0.44744670273785725,0.18373013313803088,0.6852109964460429,0.13992087082428195,0.498269152096138,0.2175922389998055,0.7653523363157033,0.15099947895225319,0.7303630335144222,0.1366586895807647,0.0030704309903420027,0.010416245638136978,31.25,38.034030814521884,0.026094986633559192,0.04206503218867953,5348.466750000007,1212.8026197997726,2244.9700000000057,670.7398430837458,0.0,0.0,217.55,49.33099938172751
