success,task_completion,mission_time,outage_rate,mean_packet,worst_agent_packet,cvar_outage_90,comm_fairness,usv_collision_rate,auv_collision_count,colregs_violation_rate,energy,smoothness,shield_interventions,policy,scenario,seed,num_auvs
1.0,1.0,189.0,0.02821869488536155,0.9281933297239712,0.897367947416646,0.28070175438596484,0.9983164151625848,0.0,0.0,0.0,5664.254316674187,1305.4952682640694,153.0,haco_safemarl_task_priority,survey,1010263430,3
1.0,1.0,266.0,0.5952380952380952,0.5134863430446693,0.18106451602162726,1.0,0.6951512846450508,0.0,0.0,0.17293233082706766,7740.764848585443,2400.101967387106,716.0,haco_safemarl_task_priority,survey,1010263527,3
0.0,0.6666666666666666,300.0,0.4866666666666667,0.6557842793678852,0.46938657098088027,0.6666666666666669,0.6896057067742394,0.0,0.0,0.0,7780.387765777082,2001.9851591425438,745.0,haco_safemarl_task_priority,survey,1010263624,3
0.0,0.3333333333333333,300.0,0.2633333333333333,0.811053067652479,0.7231803604599024,0.6666666666666669,0.9273783677676071,0.0,0.0,0.0,9851.167547909512,3454.861786910162,371.0,haco_safemarl_task_priority,survey,1010263721,3
1.0,1.0,288.0,0.5555555555555556,0.6779941384288003,0.6590884557338715,1.0,0.9695439477117336,0.0,0.0,0.052083333333333336,9589.232604094761,2540.046472177852,534.0,haco_safemarl_task_priority,survey,1010263818,3
1.0,1.0,172.0,0.1511627906976744,0.9073405843907594,0.789514462589876,0.33333333333333326,0.9403564494842485,0.0,0.0,0.0,4705.3923502157495,1217.2004428157095,276.0,haco_safemarl_task_priority,survey,1010263915,3
0.0,1.0,153.0,0.12200435729847493,0.8849998982723893,0.8377412905700176,0.3333333333333333,0.9812461859614049,0.0,2.0,0.0,5386.04075005366,1260.6997863411689,149.0,haco_safemarl_task_priority,survey,1010264012,3
1.0,1.0,168.0,0.18055555555555555,0.8074911521139795,0.6143698996613207,0.37254901960784315,0.9167271299190398,0.0,0.0,0.023809523809523808,5730.22962778541,1407.9649453790037,201.0,haco_safemarl_task_priority,survey,1010264109,3
1.0,1.0,206.0,0.296116504854369,0.7687348886128565,0.44935403561860854,0.33333333333333326,0.7385744896377399,0.0,0.0,0.0,4995.38082505445,934.6077747728415,358.0,haco_safemarl_task_priority,survey,1010264206,3
1.0,1.0,237.0,0.5344585091420535,0.6550077291198508,0.42370953316651466,1.0,0.8452802526908263,0.0,0.0,0.0,8040.652363443162,2028.874678088197,466.0,haco_safemarl_task_priority,survey,1010264303,3
1.0,1.0,90.0,0.011111111111111112,0.9420434243684835,0.9370629011161037,0.1111111111111111,0.9997475702511963,0.0,0.0,0.0,3171.9562499999997,648.8812258101165,6.0,haco_safemarl_task_priority,survey,1010264400,3
1.0,1.0,177.0,0.04708097928436911,0.9298117940321835,0.8700579490159406,0.33333333333333326,0.9951415932807198,0.0,0.0,0.0,6013.53625,1426.8923894734705,62.0,haco_safemarl_task_priority,survey,1010264497,3
1.0,1.0,127.0,0.4120734908136482,0.727422966125648,0.5501893428019269,0.6666666666666666,0.801866589750802,0.0,0.0,0.0,4389.476537943777,847.1804647181957,163.0,haco_safemarl_task_priority,survey,1010264594,3
1.0,1.0,182.0,0.23626373626373623,0.8216219247370886,0.6274819674220982,0.4385964912280702,0.857681892699576,0.0,0.0,0.1978021978021978,5720.435676604707,1334.8800902835217,308.0,haco_safemarl_task_priority,survey,1010264691,3
1.0,1.0,162.0,0.05967078189300412,0.9153550913077034,0.8448429454513624,0.3333333333333333,0.9920106776387595,0.0,0.0,0.0,5556.563749999999,1354.6442647738636,34.0,haco_safemarl_task_priority,survey,1010264788,3
1.0,1.0,279.0,0.6164874551971327,0.5822690994570466,0.44148299646806155,1.0,0.8467151479854623,0.0,0.0,0.0,7578.617608338675,1806.255692966064,676.0,haco_safemarl_task_priority,survey,1010264885,3
0.0,1.0,280.0,0.3678571428571429,0.7225051496943241,0.6547945575641436,0.7976190476190476,0.9090618922346012,0.014285714285714285,0.0,0.21071428571428572,6345.837620742913,1396.5993170135773,680.0,haco_safemarl_task_priority,survey,1010264982,3
1.0,1.0,255.0,0.3058823529411764,0.737692160226707,0.5963511453465988,0.6794871794871795,0.8928948041596273,0.0,0.0,0.0,8670.474731585531,2337.932074085125,316.0,haco_safemarl_task_priority,survey,1010265079,3
1.0,1.0,207.0,0.37681159420289856,0.7628518977504657,0.6049530423981988,1.0,0.9003408535255899,0.0,0.0,0.0,7191.838559567437,1730.016569169354,292.0,haco_safemarl_task_priority,survey,1010265176,3
1.0,1.0,146.0,0.22831050228310504,0.8458685767936758,0.8024844723089645,0.6666666666666665,0.9549938139870544,0.0,0.0,0.0,4881.785162751347,1350.1555397099546,132.0,haco_safemarl_task_priority,survey,1010265273,3
1.0,1.0,294.0,0.5816326530612245,0.5743012530525353,0.16805636883454642,1.0,0.6896357859409269,0.0,0.0,0.0,9742.494410646272,2497.9018464801775,562.0,haco_safemarl_task_priority,survey,1010265370,3
1.0,1.0,176.0,0.2651515151515152,0.7477497208307351,0.5314697620466877,0.6666666666666665,0.9267097566715559,0.0,0.0,0.0,6080.547468433934,1222.6685582694586,230.0,haco_safemarl_task_priority,survey,1010265467,3
1.0,1.0,294.0,0.6757369614512472,0.4966411234727825,0.41408982160358565,1.0,0.8155947744491299,0.0,0.0,0.0,9764.530017628811,2475.6082986282827,655.0,haco_safemarl_task_priority,survey,1010265564,3
1.0,1.0,221.0,0.3665158371040724,0.763511385312104,0.6311113728785179,1.0,0.9495817316065451,0.0,0.0,0.0,7443.805380359763,1889.8341212836403,393.0,haco_safemarl_task_priority,survey,1010265661,3
1.0,1.0,212.0,0.05188679245283018,0.8965280729129999,0.8908657357927996,0.33333333333333326,0.9963337140878562,0.0,0.0,0.0,6340.187019067254,1554.146346297754,172.0,haco_safemarl_task_priority,survey,1010265758,3
1.0,1.0,177.0,0.2542372881355932,0.8168859149136515,0.6285635340889955,0.6666666666666665,0.9123468424350258,0.0,0.0,0.0,5902.892635534169,1423.6550956452465,175.0,haco_safemarl_task_priority,survey,1010265855,3
1.0,1.0,293.0,0.527872582480091,0.6340889077189207,0.5134565482966422,0.8222222222222222,0.7094367755345565,0.0,0.0,0.0,9842.675096673367,2342.8922367150153,546.0,haco_safemarl_task_priority,survey,1010265952,3
1.0,1.0,212.0,0.036163522012578615,0.9360571866277018,0.8922744982927237,0.33333333333333326,0.997192345440168,0.0,0.0,0.0,7259.595,1688.7787246187736,50.0,haco_safemarl_task_priority,survey,1010266049,3
0.0,0.6666666666666666,300.0,0.2722222222222222,0.8181572810449954,0.572237095681715,0.3333333333333334,0.781359559130679,0.0,12.0,0.0,8078.935183965868,2917.3412355809337,757.0,haco_safemarl_task_priority,survey,1010266146,3
0.0,1.0,288.0,0.4074074074074074,0.7207818596861629,0.6579417467150894,0.735632183908046,0.995344951655246,0.017361111111111112,4.0,0.4131944444444444,7756.228245195628,2088.342600798532,782.0,haco_safemarl_task_priority,survey,1010266243,3
0.0,1.0,249.0,0.057563587684069606,0.9211047939560414,0.8855551515819107,0.5333333333333333,0.9976287957144129,0.0,1.0,0.10040160642570281,8177.515003648336,2043.5439579508197,178.0,haco_safemarl_task_priority,survey,1010266340,3
1.0,1.0,210.0,0.5253968253968254,0.6321555713431665,0.4130049472726138,0.6666666666666665,0.6195366691799785,0.0,0.0,0.0,6797.291815145879,2238.0574702097056,353.0,haco_safemarl_task_priority,survey,1010266437,3
0.0,1.0,185.0,0.39819819819819824,0.738808793462053,0.5533631203041899,0.6666666666666665,0.8188798353664672,0.0,2.0,0.0,6273.1851383197045,1631.4284869035641,274.0,haco_safemarl_task_priority,survey,1010266534,3
1.0,1.0,274.0,0.18978102189781018,0.8427117598988931,0.6638346176855668,0.6666666666666669,0.9460106211294758,0.0,0.0,0.0,9174.932617912911,2212.1976953210733,199.0,haco_safemarl_task_priority,survey,1010266631,3
1.0,1.0,215.0,0.04496124031007752,0.9035613329965024,0.846343733997267,0.33333333333333326,0.9955869001620908,0.0,0.0,0.0,7273.369509110061,1883.1146888044038,143.0,haco_safemarl_task_priority,survey,1010266728,3
1.0,1.0,228.0,0.7807017543859649,0.49622613177928837,0.4106037401419104,1.0,0.8520790712605288,0.0,0.0,0.3157894736842105,7305.342221913778,2042.191162478857,732.0,haco_safemarl_task_priority,survey,1010266825,3
0.0,0.6666666666666666,300.0,0.5366666666666666,0.5705265019166339,0.3523611496601031,1.0,0.8210638143688374,0.0,0.0,0.0,10048.278053576043,2664.530388625436,611.0,haco_safemarl_task_priority,survey,1010266922,3
1.0,1.0,293.0,0.43686006825938556,0.6765731791459073,0.46838439265159926,0.6666666666666669,0.7662610586277424,0.0,0.0,0.0,5266.707174669928,1468.4866345089956,809.0,haco_safemarl_task_priority,survey,1010267019,3
0.0,1.0,275.0,0.23878787878787874,0.7727485010739874,0.4197053307396098,0.3333333333333334,0.8355557814094243,0.0,18.0,0.0,8278.38724468975,2043.4640803186521,343.0,haco_safemarl_task_priority,survey,1010267116,3
0.0,0.6666666666666666,300.0,0.5277777777777777,0.6609417275300032,0.5907598302703164,0.8222222222222222,0.9933237639373339,0.0,0.0,0.0,9916.939084855836,3189.6662391086284,516.0,haco_safemarl_task_priority,survey,1010267213,3
1.0,1.0,184.0,0.0018115942028985505,0.8986980220666465,0.8800796194129485,0.017543859649122806,0.9999934123382976,0.0,0.0,0.09239130434782608,6364.748728794833,1480.1958844224612,45.0,haco_safemarl_task_priority,traffic,1010363430,3
1.0,1.0,255.0,0.3581699346405229,0.7427777625117055,0.5682746235426218,0.6666666666666667,0.916507947143258,0.0,0.0,0.0784313725490196,8365.149013599366,2201.3704321048162,316.0,haco_safemarl_task_priority,traffic,1010363527,3
1.0,1.0,143.0,0.06293706293706294,0.8833216568622088,0.8508272928832517,0.33333333333333326,0.9910586156169668,0.0,0.0,0.0,4988.43375,1032.8188702661994,56.0,haco_safemarl_task_priority,traffic,1010363624,3
0.0,1.0,265.0,0.3761006289308176,0.7436496250182958,0.6081181457871628,0.8271604938271605,0.9095735632117143,0.04905660377358491,0.0,0.43018867924528303,5569.014012916995,1298.9885578788076,633.0,haco_safemarl_task_priority,traffic,1010363721,3
0.0,0.3333333333333333,300.0,0.6388888888888888,0.5115949404069776,0.31016685363741425,1.0,0.8069198384050085,0.02666666666666667,0.0,0.043333333333333335,7240.472888787276,2281.1167019826366,844.0,haco_safemarl_task_priority,traffic,1010363818,3
1.0,1.0,257.0,0.28015564202334625,0.7651288597994239,0.5490851659061139,0.6666666666666667,0.9267616819322865,0.0,0.0,0.058365758754863814,8816.22167153132,1983.933622750947,272.0,haco_safemarl_task_priority,traffic,1010363915,3
1.0,1.0,269.0,0.6257744733581164,0.5789150163745652,0.46773272541118827,1.0,0.8546422273900562,0.0,0.0,0.07434944237918216,8908.333198382012,2350.5473184075604,618.0,haco_safemarl_task_priority,traffic,1010364012,3
0.0,1.0,300.0,0.39666666666666667,0.6716151877017748,0.3985198798320016,0.6666666666666669,0.8445806011451724,0.0,6.0,0.12,10141.619458301086,2660.492724440146,530.0,haco_safemarl_task_priority,traffic,1010364109,3
0.0,0.3333333333333333,300.0,0.49333333333333335,0.5991107528731909,0.35957205137119497,0.8666666666666667,0.7046766976297245,0.0,0.0,0.05,9935.126957110353,3310.925130774861,571.0,haco_safemarl_task_priority,traffic,1010364206,3
0.0,0.6666666666666666,300.0,0.3922222222222222,0.7049349594716791,0.565222142900743,0.7666666666666667,0.8728511207031707,0.0,0.0,0.1,9751.532169612678,2608.90154699022,439.0,haco_safemarl_task_priority,traffic,1010364303,3
0.0,0.6666666666666666,300.0,0.5122222222222222,0.6376242151390443,0.5424302226552536,1.0,0.9036098252461566,0.0,0.0,0.16666666666666666,9362.479717963306,2658.5415439011604,636.0,haco_safemarl_task_priority,traffic,1010364400,3
1.0,1.0,146.0,0.3082191780821918,0.7715781072565148,0.6011463948467521,0.6666666666666665,0.8060845514097854,0.0,0.0,0.0,4467.911260931743,858.7852799239174,291.0,haco_safemarl_task_priority,traffic,1010364497,3
1.0,1.0,163.0,0.3599182004089979,0.7118451988064862,0.44541048338042827,0.6666666666666666,0.7330759271520185,0.0,0.0,0.0,5653.237415407411,1198.9582958492097,230.0,haco_safemarl_task_priority,traffic,1010364594,3
0.0,0.6666666666666666,300.0,0.45111111111111113,0.6896828005903043,0.5722164686643516,0.6666666666666669,0.7625314808157013,0.0,0.0,0.05333333333333334,9963.946907512993,3153.009347253807,535.0,haco_safemarl_task_priority,traffic,1010364691,3
0.0,1.0,234.0,0.27920227920227925,0.7752768570348593,0.6727375123747847,0.6666666666666666,0.97241908387741,0.02564102564102564,0.0,0.10683760683760683,7718.664208356595,1999.3619999380119,267.0,haco_safemarl_task_priority,traffic,1010364788,3
0.0,0.6666666666666666,300.0,0.36666666666666664,0.7859892792702023,0.6801683342126985,0.6666666666666669,0.8452221144963267,0.0,0.0,0.17,8735.86028998144,2196.7862218937844,665.0,haco_safemarl_task_priority,traffic,1010364885,3
0.0,0.6666666666666666,300.0,0.36999999999999994,0.7233689161542174,0.5282021240604964,0.6666666666666669,0.9246240258523479,0.0033333333333333335,0.0,0.11333333333333333,5748.605895450434,1265.8368006049907,712.0,haco_safemarl_task_priority,traffic,1010364982,3
1.0,1.0,206.0,0.3042071197411003,0.8180466204040013,0.7812223785429313,0.6666666666666665,0.9835211010663055,0.0,0.0,0.0,7223.8369977253205,1704.5162651326386,370.0,haco_safemarl_task_priority,traffic,1010365079,3
1.0,1.0,156.0,0.2713675213675213,0.7961273839451013,0.6881394966869774,0.6666666666666666,0.9281466757454135,0.0,0.0,0.0,5384.57875,1230.7605652402253,149.0,haco_safemarl_task_priority,traffic,1010365176,3
0.0,0.3333333333333333,300.0,0.34111111111111114,0.7414538622516097,0.6138519733366187,0.7111111111111111,0.8874310732233818,0.0,15.0,0.0,10111.303609188635,3043.8275336027455,545.0,haco_safemarl_task_priority,traffic,1010365273,3
1.0,1.0,270.0,0.3469135802469136,0.7227015548693265,0.3947764450164607,0.6666666666666669,0.7791215979486379,0.0,0.0,0.06666666666666667,7920.567436035115,2278.2265825114587,445.0,haco_safemarl_task_priority,traffic,1010365370,3
1.0,1.0,257.0,0.47600518806744485,0.6644825284669905,0.4732229755189648,1.0,0.8278100683957883,0.0,0.0,0.0,8660.612227202988,2165.3916133791636,535.0,haco_safemarl_task_priority,traffic,1010365467,3
0.0,1.0,280.0,0.31547619047619047,0.7969192665343036,0.7318758117768218,0.6666666666666669,0.9861778503267135,0.0,7.0,0.0,8554.298917837252,1847.014483661992,388.0,haco_safemarl_task_priority,traffic,1010365564,3
0.0,0.3333333333333333,300.0,0.5111111111111111,0.6400499596514987,0.5343899476595078,1.0,0.7765183417567659,0.0,0.0,0.0,10046.857192917008,3291.5254087726094,620.0,haco_safemarl_task_priority,traffic,1010365661,3
1.0,1.0,290.0,0.6517241379310345,0.5102597821550315,0.23839812853553924,1.0,0.6668627831449655,0.0,0.0,0.02413793103448276,9628.196397504751,2430.0611075408906,615.0,haco_safemarl_task_priority,traffic,1010365758,3
1.0,1.0,156.0,0.3696581196581196,0.7863069339896372,0.7285580718374097,0.6666666666666666,0.9786556906107916,0.0,0.0,0.04487179487179487,5466.23395148194,1001.2920163981632,187.0,haco_safemarl_task_priority,traffic,1010365855,3
0.0,0.6666666666666666,300.0,0.5533333333333335,0.5909943327185089,0.32576412177262154,1.0,0.8205831273098515,0.0,0.0,0.0,10073.270540751848,2651.4009711160516,632.0,haco_safemarl_task_priority,traffic,1010365952,3
1.0,1.0,227.0,0.44199706314243764,0.7080327405650908,0.5858088689739833,0.7101449275362317,0.9517406832954863,0.0,0.0,0.0,7684.979743268747,1864.7425699291975,409.0,haco_safemarl_task_priority,traffic,1010366049,3
1.0,1.0,183.0,0.3606557377049181,0.7437313780758018,0.576720211649832,0.6666666666666665,0.8312989613716362,0.0,0.0,0.0,6171.7768284966905,1508.9252031142396,264.0,haco_safemarl_task_priority,traffic,1010366146,3
0.0,0.3333333333333333,300.0,0.52,0.6376131560621565,0.4892365256056693,1.0,0.8847674580210065,0.0,0.0,0.07,10135.43886818442,3446.553704685148,650.0,haco_safemarl_task_priority,traffic,1010366243,3
1.0,1.0,194.0,0.39690721649484534,0.6898888880793514,0.3886730671011819,0.6666666666666665,0.7512485135017898,0.0,0.0,0.010309278350515464,6500.451622971917,1502.5672501365896,301.0,haco_safemarl_task_priority,traffic,1010366340,3
1.0,1.0,268.0,0.40920398009950243,0.6658799867826393,0.41674519389376086,0.7037037037037037,0.7850310879047486,0.0,0.0,0.04477611940298507,9135.138545583912,2353.288028670395,465.0,haco_safemarl_task_priority,traffic,1010366437,3
1.0,1.0,185.0,0.10630630630630629,0.8726252055462842,0.8156433304965457,0.33333333333333326,0.9724798202480724,0.0,0.0,0.0,6327.9025,1404.6440027312187,136.0,haco_safemarl_task_priority,traffic,1010366534,3
0.0,1.0,296.0,0.634009009009009,0.5430630206164172,0.38503067001617997,1.0,0.8843426345039513,0.02364864864864865,0.0,0.13513513513513514,8795.476058875453,2144.5084081840264,804.0,haco_safemarl_task_priority,traffic,1010366631,3
0.0,0.6666666666666666,300.0,0.5788888888888889,0.5709301485094024,0.4172343643677258,1.0,0.7456718211982863,0.03,0.0,0.22333333333333333,9196.983317880338,2754.346233947459,692.0,haco_safemarl_task_priority,traffic,1010366728,3
0.0,1.0,185.0,0.48288288288288295,0.5915035320336353,0.3389912124971797,0.6666666666666665,0.6874567046117981,0.0,13.0,0.20540540540540542,5330.611678430009,1537.2883574639063,440.0,haco_safemarl_task_priority,traffic,1010366825,3
1.0,1.0,174.0,0.4137931034482758,0.74408477529567,0.549137085546418,1.0,0.8205910188168734,0.0,0.0,0.06321839080459771,5769.201473956575,1544.4931729205725,312.0,haco_safemarl_task_priority,traffic,1010366922,3
1.0,1.0,127.0,0.17847769028871383,0.7803740941226992,0.6369065431967672,0.358974358974359,0.9541103026325335,0.0,0.0,0.0,4235.01355287467,1018.0602950116211,142.0,haco_safemarl_task_priority,traffic,1010367019,3
0.0,1.0,295.0,0.46779661016949153,0.7255849008509756,0.5552732905909673,0.6666666666666669,0.7216805736501755,0.030508474576271188,0.0,0.14576271186440679,9438.07303718604,2264.3288859117015,592.0,haco_safemarl_task_priority,traffic,1010367116,3
1.0,1.0,215.0,0.05426356589147286,0.8708869001009744,0.8351688541730627,0.37878787878787873,0.9974534243503356,0.0,0.0,0.13488372093023257,6478.980819498948,1697.2247581078977,311.0,haco_safemarl_task_priority,traffic,1010367213,3
1.0,1.0,215.0,1.0,0.4339803003075307,0.35403720706770386,1.0,0.0,0.0,0.0,0.10697674418604651,5682.056311009745,1551.058613042622,729.0,haco_safemarl_task_priority,acoustic_degradation,1010463430,3
0.0,0.6666666666666666,300.0,0.6711111111111111,0.5825429964218359,0.28663096980501257,1.0,0.7266815952110695,0.08,0.0,0.5066666666666667,8532.761289486169,2120.845480455057,1083.0,haco_safemarl_task_priority,acoustic_degradation,1010463527,3
0.0,0.3333333333333333,300.0,0.9444444444444444,0.47124132078717074,0.35121570122240003,1.0,0.3333333293333334,0.0,0.0,0.0,9935.013751554503,2791.460314681749,900.0,haco_safemarl_task_priority,acoustic_degradation,1010463624,3
0.0,0.6666666666666666,300.0,0.9333333333333333,0.4258953278175071,0.3586936834589587,1.0,0.3333333305555556,0.0,0.0,0.09333333333333334,9755.466473336855,3125.098706960498,936.0,haco_safemarl_task_priority,acoustic_degradation,1010463721,3
0.0,1.0,291.0,0.9289805269186714,0.47993887416260644,0.25519819246541803,1.0,0.3333333308856226,0.0,4.0,0.0,9485.79323248668,3340.087706984031,873.0,haco_safemarl_task_priority,acoustic_degradation,1010463818,3
0.0,0.3333333333333333,300.0,0.8555555555555554,0.4846309626751151,0.275608985555753,1.0,0.6141881067278336,0.0,0.0,0.04,9782.622320535726,2959.2615256891377,900.0,haco_safemarl_task_priority,acoustic_degradation,1010463915,3
0.0,0.6666666666666666,300.0,0.7533333333333333,0.5206926954641939,0.3422923140954078,1.0,0.4847447620377001,0.0,0.0,0.0,9945.016914905262,2738.6930580509843,900.0,haco_safemarl_task_priority,acoustic_degradation,1010464012,3
0.0,0.6666666666666666,300.0,1.0,0.4272592194783639,0.26063044853288875,1.0,0.0,0.0,0.0,0.03,6477.058372284222,1899.2839037029291,1123.0,haco_safemarl_task_priority,acoustic_degradation,1010464109,3
0.0,1.0,271.0,0.8400984009840099,0.6046124175402392,0.34517398055229825,1.0,0.33333333285048655,0.0,97.0,0.0,7315.449710937565,1700.8391580701682,923.0,haco_safemarl_task_priority,acoustic_degradation,1010464206,3
0.0,0.6666666666666666,300.0,0.808888888888889,0.4459646336214151,0.2230157103509219,1.0,0.5985998127580029,0.0,0.0,0.0,9718.572146338316,3026.544443633233,903.0,haco_safemarl_task_priority,acoustic_degradation,1010464303,3
1.0,1.0,294.0,0.7199546485260772,0.41362667514358675,0.21331349527950194,1.0,0.33333333317591396,0.0,0.0,0.08503401360544217,9085.750207719797,2827.505572718229,934.0,haco_safemarl_task_priority,acoustic_degradation,1010464400,3
0.0,0.6666666666666666,300.0,0.9255555555555556,0.40654996182920394,0.13505315305266516,1.0,0.6170446659059766,0.0,0.0,0.06333333333333334,9776.863463205105,2956.547387673333,930.0,haco_safemarl_task_priority,acoustic_degradation,1010464497,3
0.0,1.0,237.0,0.7960618846694797,0.5834098797501578,0.29992389029997873,1.0,0.6666349587036933,0.0,73.0,0.11814345991561181,7945.551895666666,2279.0862827466904,725.0,haco_safemarl_task_priority,acoustic_degradation,1010464594,3
0.0,0.3333333333333333,300.0,0.928888888888889,0.6248054615725293,0.4711221341448129,1.0,0.33333333089192707,0.0,0.0,0.06333333333333334,7568.4342598060775,3204.3128613234285,1041.0,haco_safemarl_task_priority,acoustic_degradation,1010464691,3
0.0,0.6666666666666666,300.0,0.8544444444444443,0.4591997780144704,0.14179616247239554,1.0,0.3333333327506167,0.0,0.0,0.0,10022.515959483148,2649.6479628305847,900.0,haco_safemarl_task_priority,acoustic_degradation,1010464788,3
0.0,0.6666666666666666,300.0,0.9155555555555555,0.3519781385693481,0.06936858666043873,1.0,0.3333333316020314,0.0,0.0,0.0,6680.223693406497,1905.7385078263087,1082.0,haco_safemarl_task_priority,acoustic_degradation,1010464885,3
0.0,0.0,300.0,0.9055555555555554,0.4451594422963116,0.11060709652899149,1.0,0.3333333319492503,0.0,14.0,0.0,5868.389916602411,2633.7901110040184,1136.0,haco_safemarl_task_priority,acoustic_degradation,1010464982,3
0.0,0.6666666666666666,300.0,1.0,0.409150945938535,0.2725645999947129,1.0,0.0,0.0,0.0,0.0,9764.8403908099,2737.802006652717,900.0,haco_safemarl_task_priority,acoustic_degradation,1010465079,3
0.0,0.3333333333333333,300.0,0.9422222222222223,0.3803323538787845,0.18080206876824442,1.0,0.33333332963510853,0.0,0.0,0.0,8392.414745804768,2782.0903743222293,992.0,haco_safemarl_task_priority,acoustic_degradation,1010465176,3
0.0,0.3333333333333333,300.0,0.7700000000000002,0.4965208037104949,0.33507702577494675,1.0,0.33333333309995566,0.0,0.0,0.0,9832.148562075428,3498.402739531959,900.0,haco_safemarl_task_priority,acoustic_degradation,1010465273,3
1.0,1.0,281.0,0.5776986951364175,0.6017386896224112,0.32368508049047146,1.0,0.6026782315320509,0.0,0.0,0.0,7608.993592854352,1898.6855493101564,946.0,haco_safemarl_task_priority,acoustic_degradation,1010465370,3
1.0,1.0,281.0,0.9857651245551602,0.41647684451821587,0.10506967486094071,1.0,0.3333332724066469,0.0,0.0,0.0,9263.643125525507,2397.2653765081313,843.0,haco_safemarl_task_priority,acoustic_degradation,1010465467,3
1.0,1.0,136.0,0.7034313725490197,0.7455864246105923,0.728313781781756,1.0,0.6256035546053427,0.0,0.0,0.0,4677.648532380307,1177.7493598979618,408.0,haco_safemarl_task_priority,acoustic_degradation,1010465564,3
0.0,0.6666666666666666,300.0,0.8222222222222222,0.5678903507188646,0.45868979947146027,1.0,0.6519967385218087,0.0,0.0,0.0,8815.94040485149,2326.432864887302,953.0,haco_safemarl_task_priority,acoustic_degradation,1010465661,3
0.0,0.6666666666666666,300.0,0.9822222222222223,0.3018928899168507,0.025832503917719636,1.0,0.3333332942708379,0.0,0.0,0.11333333333333333,9513.599295982125,2861.73736289682,958.0,haco_safemarl_task_priority,acoustic_degradation,1010465758,3
0.0,1.0,156.0,0.576923076923077,0.566502754063811,0.18813316429802734,1.0,0.588807785672866,0.03205128205128205,5.0,0.16025641025641027,4883.948696094737,1212.5140638523842,522.0,haco_safemarl_task_priority,acoustic_degradation,1010465855,3
0.0,0.6666666666666666,300.0,0.8233333333333334,0.34158691602330676,0.09038466115998608,1.0,0.3333333329377794,0.0,0.0,0.07333333333333333,9681.989519171137,2644.7073438516577,913.0,haco_safemarl_task_priority,acoustic_degradation,1010465952,3
1.0,1.0,294.0,0.9954648526077098,0.36983848098678834,0.24033357783222384,1.0,0.33333273308441425,0.0,0.0,0.14625850340136054,9623.52843576337,2666.3510403063046,929.0,haco_safemarl_task_priority,acoustic_degradation,1010466049,3
1.0,1.0,261.0,1.0,0.5761516108370482,0.43215834210334125,1.0,0.0,0.0,0.0,0.0,8649.086870310235,2347.5295898786067,808.0,haco_safemarl_task_priority,acoustic_degradation,1010466146,3
0.0,0.6666666666666666,300.0,0.6577777777777777,0.5568446690596978,0.3338999314902832,1.0,0.4885112516403212,0.0,12.0,0.0,9848.490504982055,3368.1357362550716,900.0,haco_safemarl_task_priority,acoustic_degradation,1010466243,3
0.0,0.6666666666666666,300.0,0.9911111111111113,0.2595803977947089,0.22301559735522408,1.0,0.3333331770834066,0.0,0.0,0.07333333333333333,9510.044275011842,2679.7298662614353,936.0,haco_safemarl_task_priority,acoustic_degradation,1010466340,3
0.0,0.3333333333333333,300.0,0.87,0.4212461278873842,0.15310409963045682,1.0,0.6458598698689603,0.0,0.0,0.0,9972.188497439798,2771.924376301833,900.0,haco_safemarl_task_priority,acoustic_degradation,1010466437,3
1.0,1.0,221.0,0.7390648567119156,0.42806634727628073,0.14090400594481606,1.0,0.3333333331520116,0.0,0.0,0.0,7393.254105258177,1842.8687366060192,663.0,haco_safemarl_task_priority,acoustic_degradation,1010466534,3
0.0,0.6666666666666666,300.0,0.918888888888889,0.5264870634473923,0.45533922533623306,1.0,0.5186374650435649,0.0,31.0,0.0,9895.248888948638,2930.103781097291,900.0,haco_safemarl_task_priority,acoustic_degradation,1010466631,3
0.0,0.6666666666666666,300.0,0.8911111111111112,0.366608881423545,0.3241792806620156,1.0,0.5202036590391979,0.0,0.0,0.03,9794.354328392767,2482.8951931183265,907.0,haco_safemarl_task_priority,acoustic_degradation,1010466728,3
0.0,1.0,266.0,0.7180451127819549,0.673709849845443,0.6153492245218777,1.0,0.41538461514345876,0.0,11.0,0.0,9071.53663692464,2241.6700847827096,798.0,haco_safemarl_task_priority,acoustic_degradation,1010466825,3
1.0,1.0,241.0,0.9183955739972337,0.5415390208361298,0.38693363512396683,1.0,0.4784879686885142,0.0,0.0,0.0,7963.3743048405595,2160.0945984841733,723.0,haco_safemarl_task_priority,acoustic_degradation,1010466922,3
1.0,1.0,245.0,0.9292517006802722,0.5660085181824452,0.3771212826528282,1.0,0.3333333308668228,0.0,0.0,0.0,8239.879191545893,1989.2152326754842,735.0,haco_safemarl_task_priority,acoustic_degradation,1010467019,3
1.0,1.0,207.0,0.7954911433172304,0.46341875321959797,0.07552845086948132,1.0,0.4806735204709765,0.0,0.0,0.06280193236714976,5369.844552292525,1303.223402667659,717.0,haco_safemarl_task_priority,acoustic_degradation,1010467116,3
0.0,0.3333333333333333,300.0,1.0,0.33945476900922883,0.10334755872238807,1.0,0.0,0.0,0.0,0.0,9731.873542620997,3742.777971400615,900.0,haco_safemarl_task_priority,acoustic_degradation,1010467213,3
0.0,0.6666666666666666,300.0,0.7844444444444444,0.40411257030469705,0.22881354661968625,1.0,0.7500498212861317,0.0,8.0,0.06,9755.264163979511,3162.4125274460116,859.0,haco_safemarl_task_priority,emergency,1010563430,3
1.0,1.0,136.0,0.5073529411764706,0.5947197658383258,0.43061993603589016,0.6666666666666666,0.6530721107595944,0.0,0.0,0.5955882352941176,4582.419273702761,1002.4270530574724,359.0,haco_safemarl_task_priority,emergency,1010563527,3
1.0,1.0,298.0,0.5447427293064876,0.6316859486431307,0.41338952927157985,0.8,0.9026849107654636,0.0,0.0,0.0,10365.756543312857,2514.802491668353,693.0,haco_safemarl_task_priority,emergency,1010563624,3
1.0,1.0,244.0,0.6557377049180327,0.6305665179222213,0.5074502779670442,1.0,0.848280836064983,0.0,0.0,0.020491803278688523,8290.900119661255,1884.7515584556102,660.0,haco_safemarl_task_priority,emergency,1010563721,3
1.0,1.0,192.0,0.5138888888888888,0.6652527489678904,0.4388807377906651,0.6666666666666665,0.6389880513834773,0.0,0.0,0.0,6270.254182393897,1600.379715171207,412.0,haco_safemarl_task_priority,emergency,1010563818,3
1.0,1.0,255.0,0.503267973856209,0.658106027472414,0.38732044821924877,0.6666666666666667,0.6669068268196042,0.0,0.0,0.0,7184.139089405714,1720.311716923726,618.0,haco_safemarl_task_priority,emergency,1010563915,3
0.0,0.6666666666666666,300.0,0.7155555555555556,0.4613303245256272,0.25812286099081017,1.0,0.5333333329427083,0.0,0.0,0.0,10004.435115742424,2515.9215693265037,816.0,haco_safemarl_task_priority,emergency,1010564012,3
1.0,1.0,207.0,0.4798711755233494,0.6618907984941284,0.46065333402326264,0.6666666666666665,0.7431316820035299,0.0,0.0,0.0,7090.372666119645,1647.4248059638362,467.0,haco_safemarl_task_priority,emergency,1010564109,3
0.0,1.0,186.0,0.8082437275985663,0.6008122329320397,0.3821718663707399,1.0,0.3333333329975835,0.010752688172043012,0.0,0.22043010752688172,4682.040984277167,1240.2608024274284,606.0,haco_safemarl_task_priority,emergency,1010564206,3
1.0,1.0,234.0,0.3618233618233618,0.732043832049816,0.5498168915025055,0.6666666666666666,0.7971466925480041,0.0,0.0,0.0,8218.720837460809,2007.9749993150178,535.0,haco_safemarl_task_priority,emergency,1010564303,3
0.0,1.0,247.0,0.4817813765182185,0.5677066614636486,0.08337561492594428,1.0,0.6683346022300736,0.008097165991902834,0.0,0.1659919028340081,7765.85218276162,1986.1094697968733,498.0,haco_safemarl_task_priority,emergency,1010564400,3
0.0,0.3333333333333333,300.0,0.6833333333333333,0.4641010842217621,0.39243979685677505,1.0,0.9776838901769214,0.0,0.0,0.0,9794.940184079163,3197.74395028697,746.0,haco_safemarl_task_priority,emergency,1010564497,3
1.0,1.0,212.0,0.0880503144654088,0.8280422948195866,0.811895939118466,0.33333333333333326,0.9816967828006917,0.0,0.0,0.0,7313.350988995588,1787.225329959445,306.0,haco_safemarl_task_priority,emergency,1010564594,3
0.0,0.6666666666666666,300.0,0.8933333333333333,0.3506356165182389,0.09095662060837974,1.0,0.3854454188753622,0.0,0.0,0.17666666666666667,7809.411050047774,2239.707717534465,1079.0,haco_safemarl_task_priority,emergency,1010564691,3
0.0,0.6666666666666666,300.0,0.6466666666666666,0.4512808419262684,0.13914805966966506,1.0,0.5453310034239317,0.0,0.0,0.03333333333333333,9973.172856070285,2530.248814905761,680.0,haco_safemarl_task_priority,emergency,1010564788,3
1.0,1.0,289.0,0.9976931949250287,0.3158069685855479,0.08502980825489263,1.0,0.33333101332170306,0.0,0.0,0.0,9510.706675517358,2630.381707948296,867.0,haco_safemarl_task_priority,emergency,1010564885,3
0.0,0.3333333333333333,300.0,0.49222222222222217,0.6005612375601868,0.47253244913730696,0.8444444444444444,0.786616346817944,0.0,0.0,0.0,9844.48766248787,3268.082370040036,596.0,haco_safemarl_task_priority,emergency,1010564982,3
0.0,0.6666666666666666,300.0,0.6277777777777778,0.6086429965868302,0.42867508692847556,1.0,0.976948455355694,0.0,0.0,0.0,9967.345455809806,2949.8058785409335,742.0,haco_safemarl_task_priority,emergency,1010565079,3
1.0,1.0,178.0,0.5243445692883895,0.5813774896865954,0.28331312461746927,0.7037037037037037,0.6289212530470575,0.0,0.0,0.0,5557.652856870384,1285.499543935799,423.0,haco_safemarl_task_priority,emergency,1010565176,3
1.0,1.0,258.0,0.4392764857881136,0.6834364913615346,0.45576942679219123,0.6666666666666667,0.7838368703613179,0.0,0.0,0.0,8789.562865910935,2290.901770490705,590.0,haco_safemarl_task_priority,emergency,1010565273,3
0.0,0.6666666666666666,300.0,0.6388888888888888,0.5018987688175794,0.2044296484283759,0.8222222222222222,0.5947655002025503,0.0,0.0,0.0,9797.596487911998,2550.4380002892817,709.0,haco_safemarl_task_priority,emergency,1010565370,3
0.0,0.3333333333333333,300.0,0.5899999999999999,0.6435770991439507,0.39157390778997797,1.0,0.6981648691574253,0.0,0.0,0.0,10131.89388055005,3297.49552018898,722.0,haco_safemarl_task_priority,emergency,1010565467,3
0.0,0.6666666666666666,300.0,0.7544444444444445,0.46533426982166914,0.2453412709955336,1.0,0.7367666792428986,0.0,0.0,0.0,7059.67238650574,2047.649428341807,1047.0,haco_safemarl_task_priority,emergency,1010565564,3
0.0,0.6666666666666666,300.0,0.31888888888888883,0.7935807330547062,0.7407642894315802,0.6666666666666669,0.8551029369520979,0.0,0.0,0.0,7773.999776116379,2425.4006984422545,919.0,haco_safemarl_task_priority,emergency,1010565661,3
0.0,0.0,300.0,0.8611111111111113,0.5827974696869901,0.507751836256053,1.0,0.6686780476663231,0.0,2.0,0.11333333333333333,9709.264553590421,3345.3451654205614,939.0,haco_safemarl_task_priority,emergency,1010565758,3
0.0,0.3333333333333333,300.0,0.6355555555555555,0.5975537426054568,0.5274810020289382,1.0,0.9923990841144938,0.0,0.0,0.08666666666666667,9785.961490028318,3605.9086640547253,747.0,haco_safemarl_task_priority,emergency,1010565855,3
1.0,1.0,281.0,0.6761565836298933,0.684986345102831,0.6639908150480549,1.0,0.6651583705719781,0.0,0.0,0.046263345195729534,9425.160098416945,2600.738905947838,741.0,haco_safemarl_task_priority,emergency,1010565952,3
1.0,1.0,249.0,0.3132530120481928,0.6953490731599307,0.4086205911407372,0.35999999999999993,0.836756106934639,0.0,0.0,0.0,7846.423886093816,1975.8936778408613,438.0,haco_safemarl_task_priority,emergency,1010566049,3
0.0,0.6666666666666666,300.0,0.6511111111111111,0.507982995153583,0.4098678493201454,1.0,0.9497553261137637,0.016666666666666666,0.0,0.14666666666666667,9221.96677654493,2858.8769387257266,821.0,haco_safemarl_task_priority,emergency,1010566146,3
0.0,0.6666666666666666,300.0,0.6411111111111112,0.6221901484028982,0.5377519658114918,1.0,0.9557351060725338,0.0,0.0,0.0,10086.801747836416,2729.657547656558,864.0,haco_safemarl_task_priority,emergency,1010566243,3
0.0,0.3333333333333333,300.0,0.39888888888888885,0.7198683248779529,0.6692314223439818,0.6666666666666669,0.9913761272199904,0.0,0.0,0.0,9963.684044041596,3478.1769393539153,807.0,haco_safemarl_task_priority,emergency,1010566340,3
1.0,1.0,258.0,0.29198966408268734,0.8054899111300211,0.7679647231595914,0.6666666666666667,0.8926301770391794,0.0,0.0,0.0,8852.179881305285,2114.2787650653454,518.0,haco_safemarl_task_priority,emergency,1010566437,3
0.0,0.3333333333333333,300.0,0.7544444444444445,0.464331806821782,0.2645456472011685,1.0,0.48941329681800494,0.0,0.0,0.0,9308.453550206626,2725.3252259953474,855.0,haco_safemarl_task_priority,emergency,1010566534,3
0.0,0.6666666666666666,300.0,0.7066666666666667,0.544620002358755,0.468881472257423,1.0,0.9992258051622894,0.0,51.0,0.0,8093.147836259185,1970.3643735668113,873.0,haco_safemarl_task_priority,emergency,1010566631,3
0.0,1.0,204.0,0.3349673202614379,0.7416839986386472,0.6192880041986651,0.6666666666666665,0.9453394737150024,0.0,39.0,0.0,5998.167224851328,1521.0982990420189,474.0,haco_safemarl_task_priority,emergency,1010566728,3
0.0,0.3333333333333333,300.0,0.5088888888888888,0.6472152255542576,0.4214958585086158,0.6666666666666669,0.5911307987691026,0.0,46.0,0.06,8802.468893545292,2904.0732817844814,699.0,haco_safemarl_task_priority,emergency,1010566825,3
1.0,1.0,236.0,0.7443502824858758,0.4919421091629893,0.33120925093054704,1.0,0.3522574538496679,0.0,0.0,0.0,7671.320674834394,2650.5256158976918,683.0,haco_safemarl_task_priority,emergency,1010566922,3
0.0,0.6666666666666666,300.0,0.6333333333333334,0.5451704417503113,0.395121030388229,1.0,0.9521561213785364,0.0,0.0,0.0,9895.428172160156,2725.8014102783245,751.0,haco_safemarl_task_priority,emergency,1010567019,3
0.0,0.3333333333333333,300.0,0.9144444444444444,0.47732540418177366,0.15833731313413738,1.0,0.33333333164670825,0.0,0.0,0.0,8563.492564869553,2653.7767172961944,926.0,haco_safemarl_task_priority,emergency,1010567116,3
0.0,0.3333333333333333,300.0,0.581111111111111,0.5908031213361113,0.42323675549991346,0.6666666666666669,0.552912800568897,0.0,0.0,0.0,9434.478941753841,3152.982785229819,818.0,haco_safemarl_task_priority,emergency,1010567213,3
0.0,1.0,118.0,0.029661016949152543,0.8756688833568477,0.8390357689254313,0.2916666666666667,0.9990664885899982,0.0,27.0,0.0,3961.6943566454343,919.2128678507876,71.0,haco_safemarl_task_priority,generalization,1010662430,2
1.0,1.0,178.0,0.5365168539325843,0.7288388545997198,0.709899029189318,1.0,0.8211678824269202,0.0,0.0,0.0,5910.461927285715,1266.9613208057815,278.0,haco_safemarl_task_priority,generalization,1010662527,2
0.0,1.0,178.0,0.19382022471910113,0.812240033333518,0.7141013899553807,0.5,0.9453575114202605,0.0,12.0,0.0,5986.73625,1155.060940808025,115.0,haco_safemarl_task_priority,generalization,1010662624,2
0.0,0.5,300.0,0.6533333333333333,0.5492074854980221,0.5296491745744393,1.0,0.990839133172052,0.0,0.0,0.0,9656.596624374873,2963.025822328992,454.0,haco_safemarl_task_priority,generalization,1010662721,2
0.0,0.0,300.0,0.515,0.640063040292313,0.5078579605134012,1.0,0.9213870684947135,0.0,10.0,0.0,9711.50822933713,3478.9902084546234,395.0,haco_safemarl_task_priority,generalization,1010662818,2
1.0,1.0,199.0,0.19597989949748743,0.770579154677363,0.639285569773853,0.5,0.9439179967794319,0.0,0.0,0.0,4576.883417468954,1062.3053196974822,284.0,haco_safemarl_task_priority,generalization,1010662915,2
1.0,1.0,218.0,0.21788990825688073,0.8279690449325297,0.7810055927993783,0.5,0.9362248591448352,0.0,0.0,0.0,6226.747900247414,1438.827493357796,249.0,haco_safemarl_task_priority,generalization,1010663012,2
1.0,1.0,203.0,0.2536945812807882,0.7857337105155692,0.7488987310269928,0.9285714285714286,0.9533842858700281,0.0,0.0,0.0,6835.261916080523,1432.2830919837481,273.0,haco_safemarl_task_priority,generalization,1010663109,2
0.0,0.5,300.0,0.54,0.6770408549564021,0.5877049705581332,1.0,0.9986889704509675,0.0,10.0,0.07,8991.445748537804,3114.9523265601306,580.0,haco_safemarl_task_priority,generalization,1010663206,2
0.0,0.5,300.0,0.49,0.65557483166298,0.5642732126457203,1.0,0.9653195867332086,0.0,0.0,0.05,7060.538644187622,1906.2552090165839,505.0,haco_safemarl_task_priority,generalization,1010663303,2
1.0,1.0,272.0,0.15441176470588236,0.8428187240607641,0.8376023610903421,0.8571428571428571,0.9909336127242562,0.0,0.0,0.0,8685.752514275928,2422.990212685384,212.0,haco_safemarl_task_priority,generalization,1010663400,2
1.0,1.0,210.0,0.21666666666666667,0.8149410347725081,0.7938356738843972,0.5,0.9765341653609177,0.0,0.0,0.023809523809523808,7094.857750799751,1628.2540249106619,157.0,haco_safemarl_task_priority,generalization,1010663497,2
0.0,0.5,300.0,0.14166666666666666,0.8577269649763328,0.8064085337557286,0.5,0.9734813724073655,0.0,6.0,0.056666666666666664,5643.684412646434,1589.0438850975672,501.0,haco_safemarl_task_priority,generalization,1010663594,2
1.0,1.0,281.0,0.3932384341637011,0.6798646303358316,0.4687056771572938,0.5,0.7042126424364692,0.0,0.0,0.0,5825.542192827897,1721.6160231669296,580.0,haco_safemarl_task_priority,generalization,1010663691,2
1.0,1.0,289.0,0.8166089965397924,0.4071689821648692,0.34041539357026734,1.0,0.817996500559123,0.0,0.0,0.0,5128.044769941325,1234.620681332855,745.0,haco_safemarl_task_priority,generalization,1010663788,2
1.0,1.0,143.0,0.32867132867132864,0.6794541558479227,0.4563433233862931,0.5,0.8066520784136711,0.0,0.0,0.0,3885.832758267624,976.6795350003194,174.0,haco_safemarl_task_priority,generalization,1010663885,2
1.0,1.0,162.0,0.30246913580246915,0.7885136627804981,0.7413386669844785,0.5,0.9382072001355196,0.0,0.0,0.0,5285.324984677144,1336.027812346501,136.0,haco_safemarl_task_priority,generalization,1010663982,2
1.0,1.0,184.0,0.6032608695652174,0.6483807887497096,0.518974471805766,1.0,0.9777981636190672,0.0,0.0,0.14130434782608695,5543.851207505991,1269.172538669355,375.0,haco_safemarl_task_priority,generalization,1010664079,2
0.0,1.0,294.0,0.3673469387755102,0.8071516799028192,0.7372850614787307,0.5,0.8536952493905613,0.0,108.0,0.0,6848.006578247518,2083.013084462104,528.0,haco_safemarl_task_priority,generalization,1010664176,2
0.0,1.0,160.0,0.0,0.8798677760304564,0.8732563364327002,0.0,0.99999999975,0.0,8.0,0.0,5269.714295013026,1293.9010383793127,42.0,haco_safemarl_task_priority,generalization,1010664273,2
1.0,1.0,221.0,0.08144796380090498,0.8270425020787375,0.7939542886565458,0.5,0.9930358086624606,0.0,0.0,0.0,7477.373182886767,1815.0507353448547,131.0,haco_safemarl_task_priority,generalization,1010664370,2
0.0,1.0,204.0,0.19362745098039216,0.8212522674945564,0.7822497786716144,0.5,0.9832046503686345,0.014705882352941176,0.0,0.09313725490196079,6000.360185505752,1323.148840533807,245.0,haco_safemarl_task_priority,generalization,1010664467,2
1.0,1.0,169.0,0.0621301775147929,0.8723944902953727,0.8408953985566955,0.5,0.9956306348118874,0.0,0.0,0.0,5719.507692621184,1216.0706456144796,42.0,haco_safemarl_task_priority,generalization,1010664564,2
1.0,1.0,149.0,0.1610738255033557,0.8045306891091601,0.7247560973809218,0.5,0.9644466387659453,0.0,0.0,0.0,4594.613400439129,1103.4579415482322,179.0,haco_safemarl_task_priority,generalization,1010664661,2
1.0,1.0,293.0,0.5784982935153583,0.5449540360939328,0.24860442700280516,1.0,0.5781199654161753,0.0,0.0,0.16040955631399317,7324.353835938098,1881.667768903637,681.0,haco_safemarl_task_priority,generalization,1010664758,2
1.0,1.0,259.0,0.2625482625482625,0.7460881380898258,0.5819787484470436,0.5,0.8875076021193594,0.0,0.0,0.0,8503.855197931895,2278.697085664762,242.0,haco_safemarl_task_priority,generalization,1010664855,2
0.0,0.5,300.0,0.23833333333333334,0.818252103522088,0.8007875672040288,0.5,0.9978928754846849,0.0,0.0,0.0,8662.096868159608,2504.7660684950074,504.0,haco_safemarl_task_priority,generalization,1010664952,2
0.0,0.5,300.0,0.25833333333333336,0.7856378927737232,0.717935396635207,0.5,0.9546409938297595,0.0,24.0,0.0,6450.664203135044,1831.0322865019214,640.0,haco_safemarl_task_priority,generalization,1010665049,2
1.0,1.0,169.0,0.08579881656804733,0.8490644814929142,0.8485319899338479,0.5,0.9954025142466829,0.0,0.0,0.0,4743.731970872601,1167.692526608069,146.0,haco_safemarl_task_priority,generalization,1010665146,2
1.0,1.0,285.0,0.9614035087719298,0.2684902600685613,0.22469029279398997,1.0,0.4999999580449416,0.0,0.0,0.0,8940.137207736792,3146.0219491054863,569.0,haco_safemarl_task_priority,generalization,1010665243,2
1.0,1.0,163.0,0.2147239263803681,0.8283766188899391,0.7916413087488543,0.5,0.9574008060328816,0.0,0.0,0.0,5537.919840701005,1043.6879893400092,105.0,haco_safemarl_task_priority,generalization,1010665340,2
0.0,0.5,300.0,0.6083333333333333,0.5551391391369728,0.4840793305078365,1.0,0.9828960935382365,0.0,0.0,0.15,9796.843077485417,2759.4745882254883,572.0,haco_safemarl_task_priority,generalization,1010665437,2
0.0,0.5,300.0,0.08833333333333333,0.8620261490896102,0.8209652569804354,0.5,0.9906992295520036,0.0,26.0,0.0,7534.296721582163,2352.494415440342,479.0,haco_safemarl_task_priority,generalization,1010665534,2
1.0,1.0,216.0,0.39351851851851855,0.8008024898337709,0.752426951447257,0.5,0.9403287665223017,0.0,0.0,0.0,5549.525441520755,1229.804610222788,324.0,haco_safemarl_task_priority,generalization,1010665631,2
0.0,1.0,71.0,0.11971830985915492,0.802776015117819,0.762688385985492,0.5,0.9818398890945421,0.0,21.0,0.0,2291.130860929,587.1431341281884,97.0,haco_safemarl_task_priority,generalization,1010665728,2
1.0,1.0,277.0,0.49097472924187724,0.6611683884166785,0.526409305911876,1.0,0.9185031176891219,0.0,0.0,0.0,7959.395319923326,2428.5151223380335,394.0,haco_safemarl_task_priority,generalization,1010665825,2
1.0,1.0,174.0,0.8189655172413793,0.5382000400103254,0.5365695462851677,1.0,0.7846975041997823,0.0,0.0,0.12643678160919541,5526.470534645169,1309.8201781621901,344.0,haco_safemarl_task_priority,generalization,1010665922,2
0.0,1.0,278.0,0.11870503597122302,0.8380852726294021,0.8058043167663793,0.5,0.9821808420496659,0.0,22.0,0.0,6723.930925728012,1917.1964865703924,318.0,haco_safemarl_task_priority,generalization,1010666019,2
0.0,0.5,300.0,0.295,0.6844045723951846,0.4879477025462801,0.5,0.8538562848867259,0.0,4.0,0.0,9847.999740457293,2704.148104863239,322.0,haco_safemarl_task_priority,generalization,1010666116,2
0.0,0.5,300.0,0.5533333333333333,0.7347994219697594,0.7246589620496079,1.0,0.9933064102257348,0.0,7.0,0.0,7314.626661556019,2185.0215627267203,647.0,haco_safemarl_task_priority,generalization,1010666213,2
0.0,0.8333333333333334,300.0,0.4077777777777778,0.647527095474765,0.17548089128772845,0.811111111111111,0.8089486107863951,0.0,0.0,0.0,10800.611993679498,2457.011183617952,930.0,haco_safemarl_task_priority,generalization,1010666430,6
0.0,0.8333333333333334,300.0,0.48833333333333334,0.6336716655074054,0.3107276670455759,0.9166666666666666,0.7421765492761497,0.0,1.0,0.0,10272.999528077087,2611.106459535047,1050.0,haco_safemarl_task_priority,generalization,1010666527,6
0.0,1.0,227.0,0.40895741556534504,0.7221536454779894,0.3351486508127485,0.6014492753623186,0.7187388394179373,0.0,6.0,0.0,7838.219316686848,1798.0728136754406,842.0,haco_safemarl_task_priority,generalization,1010666624,6
1.0,1.0,259.0,0.64993564993565,0.5596607858523139,0.3180945138301509,1.0,0.6323256667726104,0.0,0.0,0.0,9080.8722077768,2463.1488534744876,1238.0,haco_safemarl_task_priority,generalization,1010666721,6
0.0,0.5,300.0,0.2538888888888889,0.7401383055331305,0.22757275380523306,0.5,0.8348673070682504,0.0,0.0,0.07333333333333333,10215.011172237637,3538.9510570773105,795.0,haco_safemarl_task_priority,generalization,1010666818,6
1.0,1.0,297.0,0.5701459034792368,0.5927974822577071,0.31777282794147776,0.8333333333333331,0.6092393696435866,0.0,0.0,0.0,10408.685879696235,2556.3210175270533,1105.0,haco_safemarl_task_priority,generalization,1010666915,6
0.0,0.5,300.0,0.6366666666666667,0.5904009540309394,0.4267958464428038,1.0,0.891320112863915,0.0,2.0,0.0,10551.989084003097,3398.2562577823564,1497.0,haco_safemarl_task_priority,generalization,1010667012,6
0.0,0.5,300.0,0.14666666666666667,0.8312327128715169,0.7878339761659426,0.3722222222222222,0.9688320775464502,0.023333333333333334,0.0,0.11333333333333333,10262.671175035797,3515.1210188845794,1016.0,haco_safemarl_task_priority,generalization,1010667109,6
0.0,0.8333333333333334,300.0,0.6227777777777777,0.5267389755449438,0.290538160539638,0.9166666666666666,0.7966096129414313,0.0,0.0,0.0,9856.593654686903,2946.6350973545937,1455.0,haco_safemarl_task_priority,generalization,1010667206,6
1.0,1.0,200.0,0.3825,0.6822180229188229,0.40324049000622275,0.6666666666666665,0.8066772444322989,0.0,0.0,0.0,6477.051843463927,1442.3691181676197,817.0,haco_safemarl_task_priority,generalization,1010667303,6
0.0,0.5,300.0,0.7127777777777778,0.4839750874565493,0.22807357363417116,1.0,0.7580473166112945,0.0,0.0,0.0,10556.622567669847,3458.755352894567,1459.0,haco_safemarl_task_priority,generalization,1010667400,6
1.0,1.0,276.0,0.6413043478260869,0.5867906141696962,0.3492694578234908,0.880952380952381,0.621851405284193,0.0,0.0,0.0,9213.248816784768,2366.393941627513,1371.0,haco_safemarl_task_priority,generalization,1010667497,6
0.0,0.5,300.0,0.53,0.5974270464532655,0.2690141668763278,0.8333333333333331,0.6694991356102952,0.0,21.0,0.0,4515.3495767396935,1884.0675531719194,1661.0,haco_safemarl_task_priority,generalization,1010667594,6
1.0,1.0,217.0,0.3509984639016897,0.7436844506067113,0.5233974228318093,0.6666666666666665,0.8300898185734953,0.0,0.0,0.0,7082.557792816748,1459.2499378960015,739.0,haco_safemarl_task_priority,generalization,1010667691,6
0.0,0.5,300.0,0.5283333333333333,0.6272924717701409,0.4270190115077396,0.8333333333333331,0.761587031834312,0.0,18.0,0.0,10895.538211846098,3387.9096822591237,1262.0,haco_safemarl_task_priority,generalization,1010667788,6
0.0,0.5,300.0,0.5077777777777778,0.7153837312819358,0.5371391429826017,0.6666666666666669,0.770592092536946,0.0,45.0,0.0,9499.767756453542,2719.7042742890458,1445.0,haco_safemarl_task_priority,generalization,1010667885,6
0.0,1.0,298.0,0.47035794183445184,0.6816881749294246,0.38658098527424856,0.8333333333333331,0.8219536784321879,0.0,22.0,0.0,8557.271641239779,2046.157924102216,1301.0,haco_safemarl_task_priority,generalization,1010667982,6
0.0,0.16666666666666666,300.0,0.5638888888888888,0.6454047909074008,0.31175724214788303,0.8333333333333331,0.7736718668695176,0.0,0.0,0.07666666666666666,10588.518873810408,4099.4109539957235,1264.0,haco_safemarl_task_priority,generalization,1010668079,6
0.0,0.3333333333333333,300.0,0.5499999999999998,0.6237116799152318,0.369817633391094,0.9166666666666666,0.7556701172630365,0.0,37.0,0.0,6494.055190934527,2317.7248370467364,1704.0,haco_safemarl_task_priority,generalization,1010668176,6
0.0,1.0,271.0,0.5350553505535055,0.6277311906624169,0.3882851528837801,0.8333333333333331,0.7482796542878315,0.0,23.0,0.0,9150.009014121924,2529.801510102081,1120.0,haco_safemarl_task_priority,generalization,1010668273,6
0.0,0.8333333333333334,300.0,0.39055555555555554,0.7046818570462051,0.4092893270266459,0.8277777777777776,0.8905710001345754,0.0,16.0,0.0,10669.683926879905,2707.324763778915,926.0,haco_safemarl_task_priority,generalization,1010668370,6
0.0,0.5,300.0,0.3455555555555555,0.7098176624768964,0.3871234601229552,0.5,0.8893699928987738,0.03333333333333333,0.0,0.07,10213.613357670483,3179.774166524979,853.0,haco_safemarl_task_priority,generalization,1010668467,6
0.0,0.3333333333333333,300.0,0.44833333333333325,0.7108003280444853,0.5111833447694071,0.6666666666666669,0.7847946820699792,0.0,0.0,0.0,10434.483840729616,4163.574802019206,985.0,haco_safemarl_task_priority,generalization,1010668564,6
0.0,0.3333333333333333,300.0,0.5927777777777777,0.6057318028249352,0.4657082183167425,1.0,0.8567972698063886,0.043333333333333335,9.0,0.21333333333333335,9596.499076897275,3312.941485145039,1474.0,haco_safemarl_task_priority,generalization,1010668661,6
0.0,0.8333333333333334,300.0,0.4705555555555555,0.6332132189645288,0.39629501002520584,0.7499999999999998,0.831058513850415,0.0,11.0,0.05,7759.540166014871,2130.7301303132285,1480.0,haco_safemarl_task_priority,generalization,1010668758,6
0.0,0.6666666666666666,300.0,0.6555555555555556,0.5434755057930882,0.3586254641693545,1.0,0.8848253826118595,0.0,0.0,0.0,9884.654018500652,2616.76940656872,1471.0,haco_safemarl_task_priority,generalization,1010668855,6
1.0,1.0,204.0,0.41584967320261434,0.6763359491491551,0.28270105929636646,0.6666666666666665,0.7219040275670782,0.0,0.0,0.0,7246.280730057147,1732.2807025859508,778.0,haco_safemarl_task_priority,generalization,1010668952,6
0.0,0.3333333333333333,300.0,0.6299999999999999,0.5599813982391355,0.33915034532660193,0.8333333333333331,0.5782154365307293,0.0,0.0,0.0,10359.295237890561,4284.3372628553125,1535.0,haco_safemarl_task_priority,generalization,1010669049,6
0.0,0.8333333333333334,300.0,0.36666666666666664,0.7550916387932609,0.6249536579676902,0.5,0.91502826189526,0.0,51.0,0.0,10772.555557068396,3237.104232391293,1088.0,haco_safemarl_task_priority,generalization,1010669146,6
0.0,0.5,300.0,0.45666666666666667,0.6531902455426694,0.36691901255644543,0.7722222222222219,0.7370586820520431,0.0,36.0,0.0,10408.750632323294,3645.855170574499,1200.0,haco_safemarl_task_priority,generalization,1010669243,6
0.0,0.5,300.0,0.46166666666666667,0.6168131459320606,0.16811633292668537,0.8333333333333331,0.7212512961824229,0.0,0.0,0.0,10864.36966670083,3420.1898890090465,1165.0,haco_safemarl_task_priority,generalization,1010669340,6
0.0,0.0,300.0,0.3044444444444444,0.7718043821740539,0.5411740831480687,0.6277777777777779,0.831473595502876,0.0,100.0,0.0,8679.168713621368,3996.0705983809758,1623.0,haco_safemarl_task_priority,generalization,1010669437,6
0.0,1.0,264.0,0.42234848484848486,0.6672276643797121,0.3584283810806856,0.8086419753086419,0.8097533091764433,0.0,5.0,0.0,9742.110301766772,2375.7707967923166,1032.0,haco_safemarl_task_priority,generalization,1010669534,6
0.0,0.5,300.0,0.49555555555555564,0.6304889936121508,0.35801236343682424,0.8333333333333331,0.807120592632864,0.0,0.0,0.006666666666666667,10594.320656482554,3172.491847705117,1119.0,haco_safemarl_task_priority,generalization,1010669631,6
0.0,0.8333333333333334,300.0,0.2761111111111111,0.7580413161535221,0.539174168331831,0.6666666666666669,0.8737171945692552,0.0,28.0,0.0,7492.927072569552,2267.085738140478,1227.0,haco_safemarl_task_priority,generalization,1010669728,6
0.0,0.8333333333333334,300.0,0.4522222222222222,0.6801626819528888,0.40003095063669053,0.8333333333333331,0.833407056064466,0.0,0.0,0.0,10802.164633246404,2983.367212995603,1244.0,haco_safemarl_task_priority,generalization,1010669825,6
1.0,1.0,254.0,0.21522309711286086,0.8159647974172018,0.6831440346975964,0.48717948717948717,0.9542137297027974,0.0,0.0,0.0,8407.52940002822,2393.682456373918,690.0,haco_safemarl_task_priority,generalization,1010669922,6
0.0,0.8333333333333334,300.0,0.36944444444444446,0.6582335607025175,0.1662767259085141,0.8944444444444444,0.8034523706609544,0.0,0.0,0.0,10538.23429685181,3026.451715165271,900.0,haco_safemarl_task_priority,generalization,1010670019,6
0.0,0.6666666666666666,300.0,0.4644444444444444,0.6606718603993886,0.46765911032226387,0.6666666666666669,0.8123074770781041,0.0,29.0,0.0,10521.42333085005,3117.531830302638,1183.0,haco_safemarl_task_priority,generalization,1010670116,6
0.0,0.3333333333333333,300.0,0.7488888888888888,0.49018404090144563,0.16531962145626952,1.0,0.7255628948600731,0.0033333333333333335,32.0,0.10666666666666667,10186.027240994417,3826.794865393278,1544.0,haco_safemarl_task_priority,generalization,1010670213,6
0.0,0.75,300.0,0.5254166666666666,0.636256735244565,0.28831406683831845,0.8375,0.6931999854328368,0.0,0.0,0.10666666666666667,10623.952005582503,3213.3458997971006,1754.0,haco_safemarl_task_priority,generalization,1010668430,8
0.0,0.875,300.0,0.395,0.7216334197563958,0.4271161536881858,0.7916666666666666,0.8904754824768277,0.04,0.0,0.11333333333333333,10352.19343746352,2458.598963460144,1580.0,haco_safemarl_task_priority,generalization,1010668527,8
0.0,0.5,300.0,0.56125,0.6459323035965256,0.31274266802600176,0.75,0.6466625530960002,0.0,2.0,0.0,10660.545068381893,4028.733041267379,1744.0,haco_safemarl_task_priority,generalization,1010668624,8
0.0,0.875,300.0,0.495,0.625480420893333,0.332991405811303,0.7625,0.7257398975203765,0.0,18.0,0.016666666666666666,11128.252246241645,2642.0135454288547,1512.0,haco_safemarl_task_priority,generalization,1010668721,8
0.0,0.875,300.0,0.44333333333333336,0.6838301402551689,0.1756502778213732,0.5833333333333334,0.7705899824936997,0.0,2.0,0.0,10802.725084947779,3043.9643697772694,1428.0,haco_safemarl_task_priority,generalization,1010668818,8
0.0,0.75,300.0,0.62875,0.5438369066241514,0.2385235586624708,0.875,0.7259389241459935,0.0,0.0,0.0,10597.789761598888,3102.910870429269,1872.0,haco_safemarl_task_priority,generalization,1010668915,8
0.0,0.625,300.0,0.5495833333333333,0.6000441758270662,0.2135689818297285,0.875,0.6804625156284261,0.0,0.0,0.0,11152.373739637504,3066.6603817385503,1557.0,haco_safemarl_task_priority,generalization,1010669012,8
1.0,1.0,277.0,0.3249097472924188,0.7315654161760613,0.5022933916037472,0.8571428571428571,0.8773065391926195,0.0,0.0,0.0,10590.377055177109,2282.179743610546,1084.0,haco_safemarl_task_priority,generalization,1010669109,8
0.0,0.625,300.0,0.5970833333333333,0.5976292857962607,0.3188766906598297,0.875,0.6537950061396056,0.0,11.0,0.0,11218.072848761709,3168.6834127028496,1835.0,haco_safemarl_task_priority,generalization,1010669206,8
0.0,0.75,300.0,0.415,0.6663022660148218,0.2443332718810577,0.625,0.8037066755091893,0.0,2.0,0.0,10789.80776844418,3091.389911132654,1388.0,haco_safemarl_task_priority,generalization,1010669303,8
0.0,0.625,300.0,0.74125,0.5161328476011143,0.30509579157994005,0.9416666666666667,0.65333647307171,0.0,3.0,0.0,7675.776925262387,2872.876953712357,2255.0,haco_safemarl_task_priority,generalization,1010669400,8
0.0,0.75,300.0,0.5029166666666667,0.6785328726886041,0.37849504201916145,0.8125,0.8294726572081835,0.0,0.0,0.0,11100.102428485143,3435.9400037214746,1604.0,haco_safemarl_task_priority,generalization,1010669497,8
0.0,0.75,300.0,0.4,0.7019865118521212,0.46099590079629366,0.5833333333333334,0.8384170995379897,0.0,34.0,0.0,11188.480540411312,3320.348878843166,1554.0,haco_safemarl_task_priority,generalization,1010669594,8
0.0,0.25,300.0,0.61,0.6284713064158879,0.308921156710277,0.9,0.8056736753155113,0.0,73.0,0.05333333333333334,8488.897868783084,3578.6981513713713,2126.0,haco_safemarl_task_priority,generalization,1010669691,8
0.0,0.875,300.0,0.4245833333333333,0.6762376407846032,0.44528032931746364,0.625,0.7431477971378236,0.0,10.0,0.0,10004.216724890952,3069.5513948140638,1284.0,haco_safemarl_task_priority,generalization,1010669788,8
0.0,1.0,272.0,0.38327205882352944,0.6805175313012565,0.13088610096473952,0.6383928571428571,0.7376308184078928,0.0,12.0,0.003676470588235294,7403.326007412368,1946.4252147948162,1477.0,haco_safemarl_task_priority,generalization,1010669885,8
0.0,0.5,300.0,0.5654166666666667,0.530563772530824,0.0844444093137637,0.8625,0.6629894491672056,0.04666666666666667,0.0,0.12,10403.184936248452,2964.7732667518735,1726.0,haco_safemarl_task_priority,generalization,1010669982,8
0.0,0.375,300.0,0.40166666666666667,0.7036064359269375,0.44161784630304024,0.75,0.8078895240675972,0.0,0.0,0.0,8598.029227056499,3810.9452849324502,1643.0,haco_safemarl_task_priority,generalization,1010670079,8
0.0,0.5,300.0,0.6470833333333333,0.5347693200711205,0.19362609197012004,0.875,0.6191947978832265,0.0,9.0,0.03,8898.103473100513,2336.5904896284046,2069.0,haco_safemarl_task_priority,generalization,1010670176,8
0.0,0.5,300.0,0.6483333333333333,0.5346270449591988,0.16020384419653383,1.0,0.6194398452341722,0.0,0.0,0.07666666666666666,10856.436384678873,3365.6874441478762,1866.0,haco_safemarl_task_priority,generalization,1010670273,8
0.0,0.875,300.0,0.4245833333333333,0.6782886166812304,0.30585140519684645,0.6833333333333333,0.7581071261347873,0.0,0.0,0.0,10701.237175524311,2774.63677578713,1559.0,haco_safemarl_task_priority,generalization,1010670370,8
0.0,0.75,300.0,0.4191666666666667,0.7052714508259064,0.43945902315536484,0.7458333333333333,0.7350184885701478,0.0,11.0,0.0,10840.821977077696,3715.229059815997,1349.0,haco_safemarl_task_priority,generalization,1010670467,8
0.0,0.625,300.0,0.5354166666666667,0.6276845961391219,0.18266187622734734,0.75,0.6121438587650754,0.0,0.0,0.0,10850.30026919989,3409.20798294528,1454.0,haco_safemarl_task_priority,generalization,1010670564,8
0.0,0.75,300.0,0.39958333333333335,0.6700753332109383,0.24858917573023628,0.7583333333333333,0.8352833512706657,0.0,31.0,0.03333333333333333,7926.022566764403,2300.109726514766,1698.0,haco_safemarl_task_priority,generalization,1010670661,8
0.0,0.875,300.0,0.47791666666666666,0.6226590761733399,0.19418877191517103,0.7791666666666667,0.736625859986386,0.0,0.0,0.0,10294.524228025253,2425.8484479874237,1364.0,haco_safemarl_task_priority,generalization,1010670758,8
0.0,0.625,300.0,0.51875,0.59746473095844,0.21684034063383725,0.8416666666666667,0.6977147393593726,0.0,9.0,0.0,10230.785790636588,3315.880198460849,1617.0,haco_safemarl_task_priority,generalization,1010670855,8
0.0,0.75,300.0,0.5441666666666667,0.6315315269010283,0.30548738064054715,1.0,0.843412447798577,0.0,14.0,0.06,11550.776396664425,2882.062619162286,1696.0,haco_safemarl_task_priority,generalization,1010670952,8
0.0,0.625,300.0,0.7633333333333333,0.4519207483777068,0.18593781203518642,1.0,0.6138764574100205,0.0,0.0,0.13,10558.258420499613,3268.8079312468044,2194.0,haco_safemarl_task_priority,generalization,1010671049,8
0.0,0.5,300.0,0.6225,0.5861888736873059,0.29824087585353193,0.875,0.5989475097091895,0.0,18.0,0.0,10032.392822303813,3227.0342989992228,1767.0,haco_safemarl_task_priority,generalization,1010671146,8
0.0,0.875,300.0,0.45916666666666667,0.6423982638410102,0.30950100459562735,0.75,0.7230570890733684,0.0,4.0,0.023333333333333334,10999.466115495665,2983.205716487047,1464.0,haco_safemarl_task_priority,generalization,1010671243,8
0.0,0.25,300.0,0.4975,0.6730732142991834,0.3201007257968366,0.75,0.768430462531933,0.0,36.0,0.0,8660.023910786742,3239.9195401171623,1879.0,haco_safemarl_task_priority,generalization,1010671340,8
0.0,0.625,300.0,0.5695833333333333,0.5847623777243145,0.12331453361565382,0.875,0.624049091633314,0.0,7.0,0.0,10920.372421805045,3625.8103615152113,1861.0,haco_safemarl_task_priority,generalization,1010671437,8
0.0,0.25,300.0,0.6991666666666667,0.5090372753104292,0.42241530487738577,0.875,0.695401378755808,0.0,0.0,0.03333333333333333,10986.48050172982,4204.983733806527,1973.0,haco_safemarl_task_priority,generalization,1010671534,8
0.0,0.5,300.0,0.6716666666666666,0.5706601301645926,0.24675246811875937,0.9791666666666666,0.5898562178417798,0.0,0.0,0.0,11245.639875164194,3699.6716361098615,2049.0,haco_safemarl_task_priority,generalization,1010671631,8
0.0,0.625,300.0,0.47375,0.6524385743041002,0.42043021529112906,0.75,0.7228451978867714,0.02,0.0,0.06,10250.642405203609,3851.2079427439467,1859.0,haco_safemarl_task_priority,generalization,1010671728,8
0.0,0.75,300.0,0.49333333333333335,0.655950237263095,0.325925837507716,0.7833333333333333,0.756014757697887,0.0,41.0,0.0,8221.326265947719,2582.4504107660064,2018.0,haco_safemarl_task_priority,generalization,1010671825,8
0.0,0.375,300.0,0.655,0.5112798888613016,0.2965535941653943,0.875,0.5587882423105397,0.0,0.0,0.0,11061.939716692246,3541.579797867881,1915.0,haco_safemarl_task_priority,generalization,1010671922,8
0.0,0.75,300.0,0.45416666666666666,0.6595417363734157,0.29800936585714516,0.75,0.7493519967287883,0.0,18.0,0.0,11299.57706290016,3331.0331757709973,1486.0,haco_safemarl_task_priority,generalization,1010672019,8
0.0,0.75,300.0,0.38708333333333333,0.6831442496481492,0.3787152653284413,0.75,0.8209627215798978,0.0,36.0,0.0,10912.642393530983,3481.5236665174684,1434.0,haco_safemarl_task_priority,generalization,1010672116,8
0.0,0.5,300.0,0.5795833333333333,0.5718453678741039,0.37577332191442414,0.875,0.7354333654551601,0.0,0.0,0.12666666666666668,10905.479164886212,3433.8568598543065,1693.0,haco_safemarl_task_priority,generalization,1010672213,8
